,time_code,emotion_values.disgust,emotion_values.joy,emotion_values.grief,emotion_values.outofbreath,emotion_values.pain,emotion_values.anger,emotion_values.amazement,emotion_values.cheekiness,emotion_values.sadness,emotion_values.fear
0,0.03331249952316284,0.0,0.0239120926707983,0.0,0.0,0.21000000834465027,0.01235708687454462,0.21000000834465027,0.0,0.0,0.2245783805847168
1,0.06662499904632568,0.0,0.040650561451911926,0.0,0.0,0.1469999998807907,0.021007047966122627,0.1469999998807907,0.0,0.0,0.1717832386493683
2,0.10000000149011612,0.0,0.05236748605966568,0.0,0.0,0.10290000587701797,0.02706201933324337,0.10290000587701797,0.0,0.0,0.1348266452550888
3,0.13331249356269836,0.0,0.06056933477520943,0.0,0.0,0.07203000038862228,0.03130050003528595,0.07203000038862228,0.0,0.0,0.10895702987909317
4,0.1666249930858612,0.0,0.06631062924861908,0.0,0.0,0.05042099952697754,0.03426743671298027,0.05042099952697754,0.0,0.0,0.09084829688072205
5,0.20000000298023224,0.0,0.07032953202724457,0.0,0.0,0.03529469668865204,0.036344293504953384,0.03529469668865204,0.0,0.0,0.07817219197750092
6,0.23331250250339508,0.0,0.07314276695251465,0.0,0.0,0.024706289172172546,0.037798091769218445,0.024706289172172546,0.0,0.0,0.06929890811443329
7,0.26662498712539673,0.0,0.07511202991008759,0.0,0.0,0.017294401302933693,0.03881575167179108,0.017294401302933693,0.0,0.0,0.06308761239051819
8,0.30000001192092896,0.0,0.07649051398038864,0.0,0.0,0.012106080539524555,0.03952810913324356,0.012106080539524555,0.0,0.0,0.058739710599184036
9,0.3333125114440918,0.0,0.07745544612407684,0.0,0.0,0.008474256843328476,0.04002676159143448,0.008474256843328476,0.0,0.0,0.05569617450237274
10,0.36662501096725464,0.0,0.07813090831041336,0.0,0.0,0.005931979510933161,0.04037582129240036,0.005931979510933161,0.0,0.0,0.053565699607133865
11,0.4000000059604645,0.0,0.13096335530281067,0.0,0.0,0.004152385517954826,0.04314218461513519,0.004152385517954826,0.0,0.0,0.03802386671304703
12,0.4333125054836273,0.0,0.16794605553150177,0.0,0.0,0.0029066698625683784,0.04507863521575928,0.0029066698625683784,0.0,0.0,0.02714458853006363
13,0.46662500500679016,0.0,0.19383396208286285,0.0,0.0,0.0020346688106656075,0.046434152871370316,0.0020346688106656075,0.0,0.0,0.01952909305691719
14,0.499937504529953,0.0,0.2119555026292801,0.0,0.0,0.0014242681208997965,0.04738301783800125,0.0014242681208997965,0.0,0.0,0.01419824454933405
15,0.5333124995231628,0.0,0.22464056313037872,0.0,0.0,0.0009969876846298575,0.04804722219705582,0.0009969876846298575,0.0,0.0,0.010466651991009712
16,0.5666249990463257,0.0,0.23352010548114777,0.0,0.0,0.0006978914025239646,0.04851216450333595,0.0006978914025239646,0.0,0.0,0.007854536175727844
17,0.6000000238418579,0.0,0.23973578214645386,0.0,0.0,0.0004885239759460092,0.048837628215551376,0.0004885239759460092,0.0,0.0,0.006026056129485369
18,0.6333125233650208,0.0,0.24408675730228424,0.0,0.0,0.0003419667773414403,0.04906545206904411,0.0003419667773414403,0.0,0.0,0.00474611995741725
19,0.6666250228881836,0.0,0.24713245034217834,0.0,0.0,0.0002393767354078591,0.04922492429614067,0.0002393767354078591,0.0,0.0,0.0038501645904034376
20,0.699999988079071,0.0,0.2492644190788269,0.0,0.0,0.0001675637176958844,0.04933655634522438,0.0001675637176958844,0.0,0.0,0.0032229956705123186
21,0.7333124876022339,0.0,0.25075680017471313,0.0,0.0,0.00011729459947673604,0.04941469803452492,0.00011729459947673604,0.0,0.0,0.0027839774265885353
22,0.7666249871253967,0.0007426440133713186,0.264371395111084,0.0,0.0,8.210622036131099e-05,0.035318683832883835,8.210622036131099e-05,0.0,0.0,0.001948784221895039
23,0.800000011920929,0.0012624947121366858,0.2739016115665436,0.0,0.0,5.747435352532193e-05,0.025451475754380226,5.747435352532193e-05,0.0,0.0,0.0013641489204019308
24,0.8333125114440918,0.0016263901488855481,0.280572772026062,0.0,0.0,4.0232043829746544e-05,0.018544429913163185,4.0232043829746544e-05,0.0,0.0,0.0009549042442813516
25,0.8666250109672546,0.0018811171175912023,0.28524255752563477,0.0,0.0,2.8162432499811985e-05,0.013709497638046741,2.8162432499811985e-05,0.0,0.0,0.0006684329709969461
26,0.8999375104904175,0.002059425925835967,0.2885114252567291,0.0,0.0,1.9713701476575807e-05,0.010325044393539429,1.9713701476575807e-05,0.0,0.0,0.0004679030680563301
27,0.9333124756813049,0.002184242242947221,0.29079964756965637,0.0,0.0,1.3799591215502005e-05,0.007955927401781082,1.3799591215502005e-05,0.0,0.0,0.00032753212144598365
28,0.9666249752044678,0.002271613571792841,0.29240137338638306,0.0,0.0,9.659714123699814e-06,0.0062975455075502396,9.659714123699814e-06,0.0,0.0,0.00022927249665372074
29,1.0,0.0023327735252678394,0.2935226261615753,0.0,0.0,6.761799340893049e-06,0.005136677995324135,6.761799340893049e-06,0.0,0.0,0.00016049074474722147
30,1.0333125591278076,0.0023755854927003384,0.2943074703216553,0.0,0.0,4.7332591748272534e-06,0.004324070643633604,4.7332591748272534e-06,0.0,0.0,0.00011234352859901264
31,1.0666249990463257,0.002405553823336959,0.29485684633255005,0.0,0.0,3.313281240480137e-06,0.00375524559058249,3.313281240480137e-06,0.0,0.0,7.864047074690461e-05
32,1.100000023841858,0.002426531631499529,0.29524144530296326,0.0,0.0,2.3192969820229337e-06,0.0033570679370313883,2.3192969820229337e-06,0.0,0.0,5.5048327340045944e-05
33,1.133312463760376,0.0025522864889353514,0.2954835295677185,0.0,0.0,1.6235078419413185e-06,0.0031130036804825068,1.6235078419413185e-06,0.0,0.0,3.853382804663852e-05
34,1.1666250228881836,0.002640314633026719,0.29565301537513733,0.0,0.0,1.1364554666215554e-06,0.002942158840596676,1.1364554666215554e-06,0.0,0.0,2.6973679268849082e-05
35,1.2000000476837158,0.002701934427022934,0.29577162861824036,0.0,0.0,7.95518815266405e-07,0.0028225674759596586,7.95518815266405e-07,0.0,0.0,1.8881575670093298e-05
36,1.2333124876022339,0.002745068399235606,0.29585468769073486,0.0,0.0,5.568631422647741e-07,0.0027388534508645535,5.568631422647741e-07,0.0,0.0,1.3217102605267428e-05
37,1.2666250467300415,0.0027752621099352837,0.29591280221939087,0.0,0.0,3.898042280070513e-07,0.002680253703147173,3.898042280070513e-07,0.0,0.0,9.251971277990378e-06
38,1.2999999523162842,0.002796397777274251,0.2959534823894501,0.0,0.0,2.7286296244710684e-07,0.002639233600348234,2.7286296244710684e-07,0.0,0.0,6.476379894593265e-06
39,1.3333125114440918,0.002811192534863949,0.2959819436073303,0.0,0.0,1.9100406234429101e-07,0.0026105197612196207,1.9100406234429101e-07,0.0,0.0,4.5334659262152854e-06
40,1.3666249513626099,0.0028215490747243166,0.2960019111633301,0.0,0.0,1.3370284079883277e-07,0.0025904199574142694,1.3370284079883277e-07,0.0,0.0,3.1734259664517595e-06
41,1.399999976158142,0.0028287984896451235,0.2960158586502075,0.0,0.0,9.3591985717012e-08,0.0025763502344489098,9.3591985717012e-08,0.0,0.0,2.221398062829394e-06
42,1.4333125352859497,0.0028338732663542032,0.2960256338119507,0.0,0.0,6.55143921335366e-08,0.002566501498222351,6.55143921335366e-08,0.0,0.0,1.5549786667179433e-06
43,1.4666249752044678,0.0028374255634844303,0.29603245854377747,0.0,0.0,4.586007307239015e-08,0.0025596069172024727,4.586007307239015e-08,0.0,0.0,1.088485078071244e-06
44,1.4999375343322754,0.02925705350935459,0.2838318347930908,0.0,0.0,3.210205079540174e-08,0.0022542900405824184,3.210205079540174e-08,0.0,0.0,7.619395319125033e-07
45,1.5333125591278076,0.047750797122716904,0.275291383266449,0.0,0.0,2.2471436267323952e-08,0.0020405680406838655,2.2471436267323952e-08,0.0,0.0,5.333576496013848e-07
46,1.5666249990463257,0.06069641560316086,0.2693130671977997,0.0,0.0,1.5730003966041295e-08,0.0018909627106040716,1.5730003966041295e-08,0.0,0.0,3.733503604053112e-07
47,1.600000023841858,0.0697583481669426,0.2651282548904419,0.0,0.0,1.1011002776228906e-08,0.0017862389795482159,1.1011002776228906e-08,0.0,0.0,2.6134526365240163e-07
48,1.633312463760376,0.07610169053077698,0.26219889521598816,0.0,0.0,7.707702032178076e-09,0.001712932251393795,7.707702032178076e-09,0.0,0.0,1.829416760301683e-07
49,1.6666250228881836,0.08054203540086746,0.2601483166217804,0.0,0.0,5.3953916889781794e-09,0.0016616176581010222,5.3953916889781794e-09,0.0,0.0,1.2805917037894687e-07
50,1.7000000476837158,0.08365027606487274,0.25871291756629944,0.0,0.0,3.776774004649042e-09,0.0016256974777206779,3.776774004649042e-09,0.0,0.0,8.964141784417734e-08
51,1.7333124876022339,0.08582605421543121,0.2577081620693207,0.0,0.0,2.643741892072171e-09,0.0016005532816052437,2.643741892072171e-09,0.0,0.0,6.274898822766772e-08
52,1.7666250467300415,0.08734908699989319,0.2570047974586487,0.0,0.0,1.8506193244505198e-09,0.0015829523326829076,1.8506193244505198e-09,0.0,0.0,4.392428820665373e-08
53,1.7999999523162842,0.08841521292924881,0.25651246309280396,0.0,0.0,1.2954335382175941e-09,0.0015706316335126758,1.2954335382175941e-09,0.0,0.0,3.074700316574308e-08
54,1.8333125114440918,0.08916150033473969,0.25616782903671265,0.0,0.0,9.068034656500856e-10,0.0015620071208104491,9.068034656500856e-10,0.0,0.0,2.1522900794934685e-08
55,1.8666249513626099,0.07035015523433685,0.26499322056770325,0.0,0.0,6.347624093017146e-10,0.0015595791628584266,6.347624093017146e-10,0.0,0.0,1.506603197753975e-08
56,1.8999375104904175,0.05718221142888069,0.2711710035800934,0.0,0.0,4.443336809600851e-10,0.0015578796155750751,4.443336809600851e-10,0.0,0.0,1.054622167373509e-08
57,1.9333125352859497,0.04796465486288071,0.2754954695701599,0.0,0.0,3.110335877742898e-10,0.0015566899674013257,3.110335877742898e-10,0.0,0.0,7.382354727525353e-09
58,1.9666249752044678,0.04151236265897751,0.2785225510597229,0.0,0.0,2.1772349201309993e-10,0.001555857015773654,2.1772349201309993e-10,0.0,0.0,5.167648531312352e-09
59,2.0,0.03699575737118721,0.2806415557861328,0.0,0.0,1.524064485725063e-10,0.0015552741242572665,1.524064485725063e-10,0.0,0.0,3.6173537498740416e-09
60,2.0333125591278076,0.03383413329720497,0.2821248173713684,0.0,0.0,1.0668450844963928e-10,0.0015548659721389413,1.0668450844963928e-10,0.0,0.0,2.5321476027073686e-09
61,2.0666251182556152,0.031620997935533524,0.2831631302833557,0.0,0.0,7.467915869030506e-11,0.001554580288939178,7.467915869030506e-11,0.0,0.0,1.7725032552817765e-09
62,2.0999999046325684,0.03007180243730545,0.28388991951942444,0.0,0.0,5.227540969543476e-11,0.0015543804038316011,5.227540969543476e-11,0.0,0.0,1.2407521676749411e-09
63,2.133312463760376,0.02898736484348774,0.2843987047672272,0.0,0.0,3.659278782763842e-11,0.0015542404726147652,3.659278782763842e-11,0.0,0.0,8.68526528474689e-10
64,2.1666250228881836,0.028228258714079857,0.28475484251976013,0.0,0.0,2.5614951132402197e-11,0.001554142334498465,2.5614951132402197e-11,0.0,0.0,6.079685643811672e-10
65,2.200000047683716,0.0276968851685524,0.2850041389465332,0.0,0.0,1.7930466139626233e-11,0.001554073765873909,1.7930466139626233e-11,0.0,0.0,4.255779895157019e-10
66,2.2333126068115234,0.10781800001859665,0.20079323649406433,0.0,0.0,1.2551326297738363e-11,0.0019059862243011594,1.2551326297738363e-11,0.0,0.0,2.979045898854338e-10
67,2.266624927520752,0.16390278935432434,0.14184558391571045,0.0,0.0,8.785928581889202e-12,0.0021523248869925737,8.785928581889202e-12,0.0,0.0,2.0853320459313096e-10
68,2.299999952316284,0.20316214859485626,0.10058224201202393,0.0,0.0,6.150149833850094e-12,0.0023247620556503534,6.150149833850094e-12,0.0,0.0,1.459732335007402e-10
69,2.333312511444092,0.23064367473125458,0.0716979056596756,0.0,0.0,4.305104883695066e-12,0.002445467747747898,4.305104883695066e-12,0.0,0.0,1.0218127038941205e-10
70,2.3666250705718994,0.24988074600696564,0.05147886648774147,0.0,0.0,3.013573331850372e-12,0.0025299619883298874,3.013573331850372e-12,0.0,0.0,7.152688857869904e-11
71,2.4000000953674316,0.26334670186042786,0.03732553869485855,0.0,0.0,2.1095013756633474e-12,0.00258910795673728,2.1095013756633474e-12,0.0,0.0,5.006882061731055e-11
72,2.43331241607666,0.272772878408432,0.027418209239840508,0.0,0.0,1.4766509412802997e-12,0.0026305101346224546,1.4766509412802997e-12,0.0,0.0,3.504817269739391e-11
73,2.4666249752044678,0.2793712019920349,0.020483078435063362,0.0,0.0,1.0336555830020577e-12,0.00265949172899127,1.0336555830020577e-12,0.0,0.0,2.4533722275954517e-11
74,2.4999375343322754,0.2839900255203247,0.01562848687171936,0.0,0.0,7.23558962311549e-13,0.002679778728634119,7.23558962311549e-13,0.0,0.0,1.7173604552334076e-11
75,2.5333125591278076,0.2872231900691986,0.012230273336172104,0.0,0.0,5.064912790390952e-13,0.002693979535251856,5.064912790390952e-13,0.0,0.0,1.202152266621681e-11
76,2.5666251182556152,0.2894864082336426,0.00985152367502451,0.0,0.0,3.5454389532736663e-13,0.002703920239582658,3.5454389532736663e-13,0.0,0.0,8.415065519407072e-12
77,2.5999999046325684,0.2748565673828125,0.006896066479384899,0.0,0.0,2.481807077556186e-13,0.0018927442142739892,2.481807077556186e-13,0.0,0.01626157946884632,0.00030866439919918776
78,2.633312463760376,0.26461565494537354,0.004827246535569429,0.0,0.0,1.7372649813943847e-13,0.001324920915067196,1.7372649813943847e-13,0.0,0.0276446845382452,0.0005247294902801514
79,2.6666250228881836,0.2574470639228821,0.003379072528332472,0.0,0.0,1.216085473423542e-13,0.0009274446056224406,1.216085473423542e-13,0.0,0.03561285883188248,0.000675974995829165
80,2.700000047683716,0.2524290084838867,0.0023653507232666016,0.0,0.0,8.512598449490066e-14,0.0006492112297564745,8.512598449490066e-14,0.0,0.041190579533576965,0.0007818469312041998
81,2.7333126068115234,0.2489163726568222,0.0016557455528527498,0.0,0.0,5.95881918569359e-14,0.00045444787247106433,5.95881918569359e-14,0.0,0.04509498551487923,0.0008559572161175311
82,2.766624927520752,0.2464575320482254,0.0011590218637138605,0.0,0.0,4.171173091172334e-14,0.0003181134816259146,4.171173091172334e-14,0.0,0.0478280708193779,0.0009078344446606934
83,2.799999952316284,0.24473634362220764,0.0008113153162412345,0.0,0.0,2.9198211638206337e-14,0.00022267944586928934,2.9198211638206337e-14,0.0,0.0497412271797657,0.0009441485162824392
84,2.833312511444092,0.2435314953327179,0.0005679207388311625,0.0,0.0,2.0438747469118078e-14,0.00015587560483254492,2.0438747469118078e-14,0.0,0.05108043923974037,0.0009695683256722987
85,2.8666250705718994,0.2426881045103073,0.00039754449971951544,0.0,0.0,1.4307123397789244e-14,0.00010911292338278145,1.4307123397789244e-14,0.0,0.05201788619160652,0.000987362232990563
86,2.899937391281128,0.24209773540496826,0.00027828116435557604,0.0,0.0,1.001498637845247e-14,7.637904491275549e-05,1.001498637845247e-14,0.0,0.052674099802970886,0.0009998178575187922
87,2.93331241607666,0.24168449640274048,0.00019479679758660495,0.0,0.0,7.010490634323319e-15,5.346533362171613e-05,7.010490634323319e-15,0.0,0.05313345044851303,0.0010085368994623423
88,2.9666249752044678,0.19636653363704681,0.0017304647481068969,0.0,0.0,4.907343401674676e-15,3.742573244380765e-05,4.907343401674676e-15,0.0,0.03870410844683647,0.0007059758063405752
89,3.0,0.16464397311210632,0.002805432304739952,0.0,0.0,3.4351404235239205e-15,2.6198013074463233e-05,3.4351404235239205e-15,0.0,0.028603570535779,0.0004941830411553383
90,3.0333125591278076,0.14243817329406738,0.0035579095128923655,0.0,0.0,2.4045982117634496e-15,1.8338609152124263e-05,2.4045982117634496e-15,0.0,0.021533193066716194,0.0003459281288087368
91,3.0666251182556152,0.12689413130283356,0.00408464390784502,0.0,0.0,1.6832186847069437e-15,1.2837025678891223e-05,1.6832186847069437e-15,0.0,0.01658392883837223,0.000242149704718031
92,3.0999999046325684,0.1160132884979248,0.004453357774764299,0.0,0.0,1.1782531110585961e-15,8.985917702375446e-06,1.1782531110585961e-15,0.0,0.013119443319737911,0.00016950478311628103
93,3.133312463760376,0.10839670151472092,0.0047114575281739235,0.0,0.0,8.247771036256344e-16,6.2901422097638715e-06,8.247771036256344e-16,0.0,0.01069430448114872,0.00011865335545735434
94,3.1666250228881836,0.10306508094072342,0.004892127122730017,0.0,0.0,5.773439566560763e-16,4.403099410410505e-06,5.773439566560763e-16,0.0,0.008996707387268543,8.305734809255227e-05
95,3.200000047683716,0.09933295100927353,0.005018596071749926,0.0,0.0,4.0414075377738566e-16,3.0821697691862937e-06,4.0414075377738566e-16,0.0,0.007808389142155647,5.814014366478659e-05
96,3.2333126068115234,0.09672046452760696,0.0051071238704025745,0.0,0.0,2.8289852235021404e-16,2.1575187929556705e-06,2.8289852235021404e-16,0.0,0.00697656674310565,4.069810165674426e-05
97,3.266624927520752,0.09489171952009201,0.005169093608856201,0.0,0.0,1.9802895770421595e-16,1.5102631323316018e-06,1.9802895770421595e-16,0.0,0.006394290365278721,2.848867188731674e-05
98,3.299999952316284,0.09361159801483154,0.005212472286075354,0.0,0.0,1.3862026377550626e-16,1.0571841357887024e-06,1.3862026377550626e-16,0.0,0.005986697506159544,1.994207013922278e-05
99,3.333312511444092,0.07407929748296738,0.004816065542399883,0.0,0.0,9.703418199587642e-17,7.400288950520917e-07,9.703418199587642e-17,0.0,0.005057717207819223,1.3959449461253826e-05
100,3.3666250705718994,0.06040668487548828,0.004538580775260925,0.0,0.0,6.792392276490207e-17,5.180202151677804e-07,6.792392276490207e-17,0.0,0.004407430998980999,9.771614713827148e-06
101,3.4000000953674316,0.050835855305194855,0.004344341345131397,0.0,0.0,4.7546745273686957e-17,3.626141449331044e-07,4.7546745273686957e-17,0.0,0.003952230326831341,6.840130026830593e-06
102,3.43331241607666,0.044136274605989456,0.004208373837172985,0.0,0.0,3.328272036809189e-17,2.538299099796859e-07,3.328272036809189e-17,0.0,0.003633590182289481,4.78809079140774e-06
103,3.4666249752044678,0.039446569979190826,0.004113196395337582,0.0,0.0,2.3297904257664323e-17,1.7768091709058353e-07,2.3297904257664323e-17,0.0,0.003410541685298085,3.3516635085106827e-06
104,3.4999375343322754,0.03616377338767052,0.004046572372317314,0.0,0.0,1.6308532484056658e-17,1.24376640542323e-07,1.6308532484056658e-17,0.0,0.003254408249631524,2.3461643650080077e-06
105,3.5333125591278076,0.03386581689119339,0.0039999354630708694,0.0,0.0,1.1415972573403538e-17,8.706364695854063e-08,1.1415972573403538e-17,0.0,0.00314511451870203,1.6423150555056054e-06
106,3.5666251182556152,0.03225724771618843,0.003967289812862873,0.0,0.0,7.991180139637987e-18,6.094455073935023e-08,7.991180139637987e-18,0.0,0.003068608930334449,1.1496205161165562e-06
107,3.5999999046325684,0.03113124705851078,0.003944437485188246,0.0,0.0,5.593826263182713e-18,4.266118480700243e-08,5.593826263182713e-18,0.0,0.003015055088326335,8.047343840189569e-07
108,3.633312463760376,0.03034305013716221,0.00392844108864665,0.0,0.0,3.915678218791777e-18,2.9862828654358964e-08,3.915678218791777e-18,0.0,0.002977567259222269,5.633140744976117e-07
109,3.6666250228881836,0.02979131042957306,0.003917243331670761,0.0,0.0,2.740974835872305e-18,2.090397899223717e-08,2.740974835872305e-18,0.0,0.002951325848698616,3.94319812357935e-07
110,3.700000047683716,0.05675264075398445,0.07553617656230927,0.0,0.0,1.9186822403540063e-18,0.0003455601981841028,1.9186822403540063e-18,0.0,0.002065927954390645,2.760238544396998e-07
111,3.7333126068115234,0.07562556862831116,0.1256694346666336,0.0,0.0,1.3430776509658657e-18,0.0005874377675354481,1.3430776509658657e-18,0.0,0.0014461495447903872,1.9321670663430268e-07
112,3.766624927520752,0.08883661776781082,0.1607627123594284,0.0,0.0,9.40154355676106e-19,0.0007567519787698984,9.40154355676106e-19,0.0,0.001012304681353271,1.3525169606509735e-07
113,3.799999952316284,0.09808435291051865,0.18532800674438477,0.0,0.0,6.581080489732742e-19,0.0008752719732001424,6.581080489732742e-19,0.0,0.0007086132536642253,9.467618866665362e-08
114,3.833312511444092,0.10455776751041412,0.20252370834350586,0.0,0.0,4.606755980921401e-19,0.0009582359925843775,4.606755980921401e-19,0.0,0.0004960292717441916,6.627332993502932e-08
115,3.8666250705718994,0.10908915847539902,0.21456068754196167,0.0,0.0,3.224729238343769e-19,0.0010163107654079795,3.224729238343769e-19,0.0,0.00034722048440016806,4.639133166506326e-08
116,3.899937391281128,0.11226112395524979,0.22298657894134521,0.0,0.0,2.2573104926900326e-19,0.001056963112205267,2.2573104926900326e-19,0.0,0.00024305433908011764,3.247393109973018e-08
117,3.93331241607666,0.11448151618242264,0.2288847118616104,0.0,0.0,1.580117370732417e-19,0.0010854197898879647,1.580117370732417e-19,0.0,0.00017013802425935864,2.2731752480353862e-08
118,3.9666249752044678,0.11603578180074692,0.23301339149475098,0.0,0.0,1.1060821336632977e-19,0.0011053393827751279,1.1060821336632977e-19,0.0,0.000119096614071168,1.591222620334065e-08
119,4.0,0.11712376773357391,0.23590347170829773,0.0,0.0,7.742574677149143e-20,0.0011192831443622708,7.742574677149143e-20,0.0,8.336762402905151e-05,1.113855851997414e-08
120,4.0333123207092285,0.11788535863161087,0.23792652785778046,0.0,0.0,5.419802080133944e-20,0.0011290437541902065,5.419802080133944e-20,0.0,5.8357334637548774e-05,7.79699060871053e-09
121,4.066625118255615,0.10226013511419296,0.24863967299461365,0.0,0.0,3.793861294535047e-20,0.0011638379655778408,3.793861294535047e-20,0.0,4.085013279109262e-05,5.457893692550897e-09
122,4.099999904632568,0.09132246673107147,0.2561388909816742,0.0,0.0,2.6557027769275623e-20,0.0011881939135491848,2.6557027769275623e-20,0.0,2.8595093681360595e-05,3.82052522951426e-09
123,4.133312702178955,0.08366610109806061,0.26138836145401,0.0,0.0,1.858991814602323e-20,0.001205243170261383,1.858991814602323e-20,0.0,2.0016563212266192e-05,2.674367838295666e-09
124,4.166625022888184,0.078306645154953,0.26506298780441284,0.0,0.0,1.3012942863774974e-20,0.001217177603393793,1.3012942863774974e-20,0.0,1.4011594430485275e-05,1.872057397989124e-09
125,4.199999809265137,0.07455503195524216,0.2676352262496948,0.0,0.0,9.109059923863125e-21,0.001225531566888094,9.109059923863125e-21,0.0,9.808116374188103e-06,1.3104402007968474e-09
126,4.233312606811523,0.07192889600992203,0.2694357633590698,0.0,0.0,6.3763419467041875e-21,0.0012313793413341045,6.3763419467041875e-21,0.0,6.865680916234851e-06,9.173081183533327e-10
127,4.266624927520752,0.07009060680866241,0.27069616317749023,0.0,0.0,4.463439524251645e-21,0.0012354727368801832,4.463439524251645e-21,0.0,4.805976459465455e-06,6.421156384384119e-10
128,4.300000190734863,0.06880379468202591,0.27157843112945557,0.0,0.0,3.1244075861967945e-21,0.0012383381836116314,3.1244075861967945e-21,0.0,3.364183612575289e-06,4.4948092470242784e-10
129,4.333312511444092,0.06790302693843842,0.2721960246562958,0.0,0.0,2.1870853305325954e-21,0.0012403440196067095,2.1870853305325954e-21,0.0,2.354928483327967e-06,3.1463665006725705e-10
130,4.36662483215332,0.06727249920368195,0.2726283669471741,0.0,0.0,1.530959751567656e-21,0.0012417481048032641,1.530959751567656e-21,0.0,1.648449938329577e-06,2.2024566892486774e-10
131,4.400000095367432,0.06683111935853958,0.27293097972869873,0.0,0.0,1.071671856389618e-21,0.0012427308829501271,1.071671856389618e-21,0.0,1.1539148090378148e-06,1.5417196685962864e-10
132,4.43331241607666,0.047553759068250656,0.27973121404647827,0.0,0.0,7.501702691804738e-22,0.0016848855884745717,7.501702691804738e-22,0.0,8.077403776951542e-07,1.0792037402618249e-10
133,4.466625213623047,0.03405960276722908,0.2844913601875305,0.0,0.0,5.2511918337762185e-22,0.001994393765926361,5.2511918337762185e-22,0.0,5.654182473335823e-07,7.554426528777469e-11
134,4.499937534332275,0.024613695219159126,0.28782346844673157,0.0,0.0,3.675834334130451e-22,0.0022110494319349527,3.675834334130451e-22,0.0,3.957927674491657e-07,5.2880984313663504e-11
135,4.5333123207092285,0.018001560121774673,0.29015594720840454,0.0,0.0,2.5730840338913156e-22,0.002362708328291774,2.5730840338913156e-22,0.0,2.77054937214416e-07,3.701668832567506e-11
136,4.566625118255615,0.013373064808547497,0.29178866744041443,0.0,0.0,1.8011586470190782e-22,0.0024688695557415485,1.8011586470190782e-22,0.0,1.9393844752357836e-07,2.5911680787138458e-11
137,4.599999904632568,0.01013311930000782,0.29293158650398254,0.0,0.0,1.2608110150480313e-22,0.0025431823451071978,1.2608110150480313e-22,0.0,1.357569061610775e-07,1.8138174989745792e-11
138,4.633312702178955,0.00786515697836876,0.2937316298484802,0.0,0.0,8.825677357771708e-23,0.002595201600342989,8.825677357771708e-23,0.0,9.502983289166878e-08,1.269672214587736e-11
139,4.666625022888184,0.006277583539485931,0.2942916750907898,0.0,0.0,6.177973645569217e-23,0.0026316149160265923,6.177973645569217e-23,0.0,6.652088302416814e-08,8.887705675586499e-12
140,4.699999809265137,0.005166282411664724,0.29468366503715515,0.0,0.0,4.324581867442814e-23,0.0026571042835712433,4.324581867442814e-23,0.0,4.656461527474676e-08,6.221394059646723e-12
141,4.733312606811523,0.004388371482491493,0.29495808482170105,0.0,0.0,3.027207338764406e-23,0.0026749467942863703,3.027207338764406e-23,0.0,3.259522785015179e-08,4.354975581544185e-12
142,4.766624927520752,0.0038438336923718452,0.29515019059181213,0.0,0.0,2.119045105580648e-23,0.002687436528503895,2.119045105580648e-23,0.0,2.2816658784563515e-08,3.0484829070809294e-12
143,4.800000190734863,0.003746605245396495,0.2952485978603363,0.0,0.0,1.4833314476887087e-23,0.002615267876535654,1.4833314476887087e-23,0.0,1.5971661326830144e-08,2.1339379915885637e-12
144,4.833312511444092,0.003678545355796814,0.29531747102737427,0.0,0.0,1.0383320922681866e-23,0.002564749913290143,1.0383320922681866e-23,0.0,1.1180162573509733e-08,1.493756615796038e-12
145,4.86662483215332,0.0036309033166617155,0.29536572098731995,0.0,0.0,7.268324566991216e-24,0.0025293873623013496,7.268324566991216e-24,0.0,7.826113090914077e-09,1.0456296202152049e-12
146,4.899937629699707,0.003597554052248597,0.2953994572162628,0.0,0.0,5.08782703912167e-24,0.002504633506760001,5.08782703912167e-24,0.0,5.478279163639854e-09,7.319407124666e-13
147,4.93331241607666,0.0035742095205932856,0.29542309045791626,0.0,0.0,3.561478611840807e-24,0.002487305784597993,3.561478611840807e-24,0.0,3.834795592183582e-09,5.123584933056091e-13
148,4.966625213623047,0.0035578685346990824,0.29543963074684143,0.0,0.0,2.4930349494024743e-24,0.0024751764722168446,2.4930349494024743e-24,0.0,2.6843567368928234e-09,3.5865096157695897e-13
149,5.0,0.0035464297980070114,0.29545122385025024,0.0,0.0,1.745124405417164e-24,0.002466685837134719,1.745124405417164e-24,0.0,1.8790498046428183e-09,2.510556595513441e-13
150,5.0333123207092285,0.003538422519341111,0.2954593300819397,0.0,0.0,1.2215871035135375e-24,0.0024607423692941666,1.2215871035135375e-24,0.0,1.3153348410455123e-09,1.757389535544246e-13
151,5.066625118255615,0.0035328175872564316,0.29546499252319336,0.0,0.0,8.551110217632828e-25,0.0024565821513533592,8.551110217632828e-25,0.0,9.207343776296284e-10,1.2301726477759178e-13
152,5.099999904632568,0.0035288939252495766,0.2954689562320709,0.0,0.0,5.985776462089688e-25,0.0024536699056625366,5.985776462089688e-25,0.0,6.445140532385096e-10,8.611208669956696e-14
153,5.133312702178955,0.0035261474549770355,0.29547175765037537,0.0,0.0,4.190043572766588e-25,0.0024516312405467033,4.190043572766588e-25,0.0,4.511598317158416e-10,6.027846272257595e-14
154,5.166625022888184,0.0038041207008063793,0.29543668031692505,0.0,0.0,2.933030205113772e-25,0.0023374874144792557,2.933030205113772e-25,0.0,3.15811876649974e-10,4.219492255055045e-14
155,5.199999809265137,0.003998701926320791,0.2954121232032776,0.0,0.0,2.053121192883447e-25,0.0022575866896659136,2.053121192883447e-25,0.0,2.2106831643053937e-10,2.9536445446572135e-14
156,5.233312606811523,0.00413490878418088,0.2953948974609375,0.0,0.0,1.437184761062703e-25,0.002201656112447381,1.437184761062703e-25,0.0,1.547478256647139e-10,2.0675511812600494e-14
157,5.266624927520752,0.004230253864079714,0.29538288712501526,0.0,0.0,1.0060293204179405e-25,0.0021625047083944082,1.0060293204179405e-25,0.0,1.0832346825084826e-10,1.447285725238081e-14
158,5.300000190734863,0.004296995233744383,0.29537445306777954,0.0,0.0,7.042205058036309e-26,0.002135098911821842,7.042205058036309e-26,0.0,7.582642846948318e-11,1.0130999399040209e-14
159,5.333312511444092,0.004343714099377394,0.2953685522079468,0.0,0.0,4.9295434173659e-26,0.002115914598107338,4.9295434173659e-26,0.0,5.3078503398085175e-11,7.0916994946248514e-15
160,5.36662483215332,0.004376417491585016,0.2953644394874573,0.0,0.0,3.450680361341251e-26,0.0021024856250733137,3.450680361341251e-26,0.0,3.715495272560432e-11,4.96418990034728e-15
161,5.400000095367432,0.004399309866130352,0.29536154866218567,0.0,0.0,2.4154762221239964e-26,0.0020930853206664324,2.4154762221239964e-26,0.0,2.6008464479310156e-11,3.4749327608365067e-15
162,5.43331241607666,0.004415334202349186,0.2953595519065857,0.0,0.0,1.690833370894237e-26,0.0020865050610154867,1.690833370894237e-26,0.0,1.8205924615100066e-11,2.4324528902339073e-15
163,5.466625213623047,0.004426551517099142,0.2953581213951111,0.0,0.0,1.1835833288110868e-26,0.002081898972392082,1.1835833288110868e-26,0.0,1.2744146883625351e-11,1.7027170655153825e-15
164,5.499937534332275,0.004434403497725725,0.2953571081161499,0.0,0.0,8.28508253130563e-27,0.0020786747336387634,8.28508253130563e-27,0.0,8.920903078746267e-12,1.191901988212415e-15
165,5.5333123207092285,0.0916503444314003,0.20813284814357758,0.0,0.0,5.799557848951139e-27,0.0014550723135471344,5.799557848951139e-27,0.0,0.0008636809652671218,8.343313176333077e-16
166,5.566625118255615,0.1527014970779419,0.14707587659358978,0.0,0.0,4.059690840933187e-27,0.0010185505961999297,4.059690840933187e-27,0.0,0.0014682576293125749,5.840319699889187e-16
167,5.599999904632568,0.19543731212615967,0.10433599352836609,0.0,0.0,2.8417833960602365e-27,0.0007129854056984186,2.8417833960602365e-27,0.0,0.0018914613174274564,4.088223578164194e-16
168,5.633312702178955,0.22535237669944763,0.0744180753827095,0.0,0.0,1.989248357982866e-27,0.0004990897723473608,1.989248357982866e-27,0.0,0.0021877039689570665,2.8617563988358173e-16
169,5.666625022888184,0.24629291892051697,0.05347553268074989,0.0,0.0,1.3924737350322096e-27,0.0003493628464639187,1.3924737350322096e-27,0.0,0.002395073650404811,2.003229479185072e-16
170,5.699999809265137,0.26095131039619446,0.038815755397081375,0.0,0.0,9.74731537485349e-28,0.000244553986703977,9.74731537485349e-28,0.0,0.002540232613682747,1.40226066189933e-16
171,5.733312606811523,0.2712121903896332,0.028553908690810204,0.0,0.0,6.823120569804448e-28,0.0001711877848720178,6.823120569804448e-28,0.0,0.002641843631863594,9.815824765644208e-17
172,5.766624927520752,0.27839478850364685,0.02137061581015587,0.0,0.0,4.776184447011362e-28,0.00011983144941041246,4.776184447011362e-28,0.0,0.0027129712980240583,6.871077005078701e-17
173,5.800000190734863,0.283422589302063,0.01634231209754944,0.0,0.0,3.3433291610562023e-28,8.388201240450144e-05,3.3433291610562023e-28,0.0,0.00276276096701622,4.8097535065083966e-17
174,5.833312511444092,0.28694209456443787,0.012822498567402363,0.0,0.0,2.340330364591093e-28,5.8717407227959484e-05,2.340330364591093e-28,0.0,0.002797613386064768,3.3668275869047756e-17
175,5.86662483215332,0.2894057035446167,0.010358629748225212,0.0,0.0,1.6382312792878894e-28,4.1102182876784354e-05,1.6382312792878894e-28,0.0,0.002822010312229395,2.356779178484445e-17
176,5.899937629699707,0.28783077001571655,0.017562028020620346,0.0,0.0,1.1467618834644604e-28,2.877152837754693e-05,1.1467618834644604e-28,0.0,0.002461938187479973,1.649745391851887e-17
177,5.93331241607666,0.28672826290130615,0.022604405879974365,0.0,0.0,8.027333184251223e-29,2.014006895478815e-05,8.027333184251223e-29,0.0,0.0022098878398537636,1.1548218073835454e-17
178,5.966625213623047,0.2859565317630768,0.026134071871638298,0.0,0.0,5.619132928049302e-29,1.4098047358857002e-05,5.619132928049302e-29,0.0,0.0020334525033831596,8.083752403530634e-18
179,6.0,0.28541630506515503,0.028604835271835327,0.0,0.0,3.933393230190444e-29,9.86863233265467e-06,3.933393230190444e-29,0.0,0.00190994783770293,5.658626765189505e-18
180,6.0333123207092285,0.28503814339637756,0.030334370210766792,0.0,0.0,2.753375050484723e-29,6.9080429057066794e-06,2.753375050484723e-29,0.0,0.001823494560085237,3.9610387356326534e-18
181,6.066625118255615,0.28477343916893005,0.03154504671692848,0.0,0.0,1.9273626557099277e-29,4.83562962472206e-06,1.9273626557099277e-29,0.0,0.0017629772191867232,2.7727269908657655e-18
182,6.099999904632568,0.28458815813064575,0.03239252045750618,0.0,0.0,1.3491537988116386e-29,3.384940782780177e-06,1.3491537988116386e-29,0.0,0.0017206150805577636,1.9409087902084593e-18
183,6.133312702178955,0.2844584286212921,0.03298575058579445,0.0,0.0,9.44407659168147e-30,2.3694585706834914e-06,9.44407659168147e-30,0.0,0.001690961536951363,1.3586361945049521e-18
184,6.166625022888184,0.2843676209449768,0.0334010124206543,0.0,0.0,6.610853839871945e-30,1.658621044953179e-06,6.610853839871945e-30,0.0,0.0016702042194083333,9.510453258137088e-19
185,6.199999809265137,0.28430408239364624,0.03369169309735298,0.0,0.0,4.6275973869838074e-30,1.1610346746238065e-06,4.6275973869838074e-30,0.0,0.001655674073845148,6.657317073900809e-19
186,6.233312606811523,0.2842595875263214,0.03389517217874527,0.0,0.0,3.239317869962111e-30,8.127242381306132e-07,3.239317869962111e-30,0.0,0.0016455028671771288,4.66012153814026e-19
187,6.266624927520752,0.2862880527973175,0.028401359915733337,0.0,0.0,2.2675225842051164e-30,5.689069553227455e-07,2.2675225842051164e-30,0.0,0.001844460261054337,3.2620852317945467e-19
188,6.300000190734863,0.28770795464515686,0.024555694311857224,0.0,0.0,1.58726588417522e-30,3.982348459885543e-07,1.58726588417522e-30,0.0,0.0019837303552776575,2.283459739804365e-19
189,6.333312511444092,0.2887018918991089,0.021863725036382675,0.0,0.0,1.1110861001147443e-30,2.7876438934981707e-07,1.1110861001147443e-30,0.0,0.0020812195725739002,1.5984218437124497e-19
190,6.36662483215332,0.289397656917572,0.01997934840619564,0.0,0.0,7.777602418684566e-31,1.9513507254487195e-07,7.777602418684566e-31,0.0,0.0021494620013982058,1.1188952905987148e-19
191,6.400000095367432,0.2898847162723541,0.0186602845788002,0.0,0.0,5.444321363940778e-31,1.3659455078141036e-07,5.444321363940778e-31,0.0,0.0021972316317260265,7.832266904944033e-20
192,6.43331241607666,0.290225625038147,0.01773693971335888,0.0,0.0,3.8110248607189966e-31,9.561617986264537e-08,3.8110248607189966e-31,0.0,0.002230670303106308,5.482586704213852e-20
193,6.466625213623047,0.29046428203582764,0.01709059812128544,0.0,0.0,2.6677174260131846e-31,6.693132803547996e-08,2.6677174260131846e-31,0.0,0.0022540774662047625,3.837810434455755e-20
194,6.499937534332275,0.29063132405281067,0.01663815975189209,0.0,0.0,1.8674021982092292e-31,4.685192678266503e-08,1.8674021982092292e-31,0.0,0.0022704624570906162,2.686467271807286e-20
195,6.5333123207092285,0.29074826836586,0.0163214523345232,0.0,0.0,1.307181574011291e-31,3.279634697150868e-08,1.307181574011291e-31,0.0,0.0022819319274276495,1.880526944862258e-20
196,6.566625118255615,0.290830135345459,0.016099756583571434,0.0,0.0,9.150270782980167e-32,2.2957442169513342e-08,9.150270782980167e-32,0.0,0.002289960626512766,1.316368926027066e-20
197,6.599999904632568,0.29088741540908813,0.015944570302963257,0.0,0.0,6.405189371761964e-32,1.607021005156639e-08,6.405189371761964e-32,0.0,0.002295580692589283,9.214582805306889e-21
198,6.633312702178955,0.2914063036441803,0.012119925580918789,0.0,0.0,4.483632560233375e-32,1.1249146503189422e-08,4.483632560233375e-32,0.0,0.0023103365674614906,6.450207802156109e-21
199,6.666625022888184,0.29176953434944153,0.009442673996090889,0.0,0.0,3.138542586451851e-32,7.874402463414754e-09,3.138542586451851e-32,0.0,0.0023206654004752636,4.5151455826783114e-21
200,6.699999809265137,0.29202377796173096,0.007568597327917814,0.0,0.0,2.1969798399036545e-32,5.512081457936802e-09,2.1969798399036545e-32,0.0,0.0023278959561139345,3.160601786705783e-21
201,6.733312606811523,0.2922017574310303,0.006256743799895048,0.0,0.0,1.5378858879325581e-32,3.858457109373603e-09,1.5378858879325581e-32,0.0,0.0023329572286456823,2.2124211699146914e-21
202,6.766624927520752,0.29232633113861084,0.005338446702808142,0.0,0.0,1.0765200774717525e-32,2.700919932152601e-09,1.0765200774717525e-32,0.0,0.0023364999797195196,1.5486948593299623e-21
203,6.800000190734863,0.29241353273391724,0.00469563901424408,0.0,0.0,7.53564024842868e-33,1.890643863688979e-09,7.53564024842868e-33,0.0,0.002338979858905077,1.0840863308490365e-21
204,6.833312511444092,0.2924745976924896,0.004245673306286335,0.0,0.0,5.274948247368473e-33,1.3234506823778247e-09,5.274948247368473e-33,0.0,0.002340716077014804,7.588604113994864e-22
205,6.86662483215332,0.2925173342227936,0.003930697217583656,0.0,0.0,3.692463589486939e-33,9.264154998689378e-10,3.692463589486939e-33,0.0,0.0023419312201440334,5.312022728335111e-22
206,6.899937629699707,0.2925472557544708,0.0037102140486240387,0.0,0.0,2.5847245493750556e-33,6.484908166015657e-10,2.5847245493750556e-33,0.0,0.0023427819833159447,3.7184159098345776e-22
207,6.93331241607666,0.292568176984787,0.0035558759700506926,0.0,0.0,1.8093071294612412e-33,4.539435771722111e-10,1.8093071294612412e-33,0.0,0.0023433773312717676,2.6028908592051657e-22
208,6.966625213623047,0.29258283972740173,0.0034478390589356422,0.0,0.0,1.2665149906228689e-33,3.1776048459164485e-10,1.2665149906228689e-33,0.0,0.0023437943309545517,1.822023576200067e-22
209,7.0,0.29350265860557556,0.003515202086418867,0.0,0.0,8.865605026195578e-34,2.2243235031638164e-10,8.865605026195578e-34,0.0,0.002541877329349518,1.2754165538271448e-22
210,7.0333123207092285,0.2941465377807617,0.003562356112524867,0.0,0.0,6.205923242830416e-34,1.5570264522146715e-10,6.205923242830416e-34,0.0,0.002680535428225994,8.927915624354524e-23
211,7.066625118255615,0.2945972681045532,0.003595364047214389,0.0,0.0,4.3441463618167875e-34,1.0899184332835432e-10,4.3441463618167875e-34,0.0,0.0027775962371379137,6.249541000157039e-23
212,7.099999904632568,0.29491275548934937,0.0036184696946293116,0.0,0.0,3.040902407354003e-34,7.629429032984802e-11,3.040902407354003e-34,0.0,0.0028455385472625494,4.374678637001055e-23
213,7.133312702178955,0.2951336205005646,0.003634643740952015,0.0,0.0,2.1286317769832984e-34,5.3406001843114836e-11,2.1286317769832984e-34,0.0,0.002893098397180438,3.0622750459007386e-23
214,7.166625022888184,0.29528823494911194,0.003645965363830328,0.0,0.0,1.4900421750116868e-34,3.7384199902401605e-11,1.4900421750116868e-34,0.0,0.002926390152424574,2.1435925636849532e-23
215,7.199999809265137,0.29539644718170166,0.0036538904532790184,0.0,0.0,1.0430295684259288e-34,2.616894027862582e-11,1.0430295684259288e-34,0.0,0.0029496944043785334,1.5005147314705948e-23
216,7.233312606811523,0.2954722046852112,0.003659438109025359,0.0,0.0,7.301206634598391e-35,1.831825836851042e-11,7.301206634598391e-35,0.0,0.002966007450595498,1.0503603278066345e-23
217,7.266624927520752,0.2955252230167389,0.003663321491330862,0.0,0.0,5.110844529424504e-35,1.2822781031429642e-11,5.110844529424504e-35,0.0,0.0029774263966828585,7.35252205798817e-24
218,7.300000190734863,0.29556235671043396,0.003666039789095521,0.0,0.0,3.577590941008412e-35,8.97594672200075e-12,3.577590941008412e-35,0.0,0.0029854197055101395,5.146765203933447e-24
219,7.333312511444092,0.29558834433555603,0.003667942713946104,0.0,0.0,2.5043135152129257e-35,6.283162358455829e-12,2.5043135152129257e-35,0.0,0.002991015324369073,3.602735642753413e-24
220,7.36662483215332,0.29556572437286377,0.003924096468836069,0.0,0.0,1.7530193745532704e-35,4.398213564182907e-12,1.7530193745532704e-35,0.0,0.0028777355328202248,2.5219149499273892e-24
221,7.400000095367432,0.2955498695373535,0.004103404004126787,0.0,0.0,1.227113648283067e-35,3.0787497117684692e-12,1.227113648283067e-35,0.0,0.002798439236357808,1.7653403466200366e-24
222,7.43331241607666,0.2955387830734253,0.004228919744491577,0.0,0.0,8.58979510750258e-36,2.155124819921972e-12,8.58979510750258e-36,0.0,0.002742932178080082,1.2357381834694578e-24
223,7.466625213623047,0.2955310344696045,0.004316780250519514,0.0,0.0,6.0128566469982874e-36,1.50858730889325e-12,6.0128566469982874e-36,0.0,0.002704076934605837,8.65016748150143e-25
224,7.499937534332275,0.29552558064460754,0.004378282930701971,0.0,0.0,4.208999796391764e-36,1.056011072857188e-12,4.208999796391764e-36,0.0,0.0026768785901367664,6.055116842620549e-25
225,7.5333123207092285,0.2955217659473419,0.0044213347136974335,0.0,0.0,2.946299929220716e-36,7.392077401580099e-13,2.946299929220716e-36,0.0,0.002657839562743902,4.238581691226771e-25
226,7.566625118255615,0.2955191135406494,0.004451470915228128,0.0,0.0,2.062409824898159e-36,5.174454072685852e-13,2.062409824898159e-36,0.0,0.0026445123367011547,2.967006937339707e-25
227,7.599999904632568,0.2955172657966614,0.004472566302865744,0.0,0.0,1.4436869133019519e-36,3.622117796669988e-13,1.4436869133019519e-36,0.0,0.0026351832784712315,2.076904856137795e-25
228,7.633312702178955,0.29551592469215393,0.004487332887947559,0.0,0.0,1.0105807585965748e-36,2.535482403458883e-13,1.0105807585965748e-36,0.0,0.0026286528445780277,1.4538334239483596e-25
229,7.666625022888184,0.2955150008201599,0.004497670102864504,0.0,0.0,7.074065399859125e-37,1.7748377366313267e-13,7.074065399859125e-37,0.0,0.0026240816805511713,1.0176833228081419e-25
230,7.699999809265137,0.2955143451690674,0.0045049055479466915,0.0,0.0,4.951845735059837e-37,1.2423863207742386e-13,4.951845735059837e-37,0.0,0.002620881889015436,7.123783136397477e-26
231,7.733312606811523,0.2950441241264343,0.005717537831515074,0.0,0.0,3.4662920145418858e-37,8.696704109894399e-14,3.4662920145418858e-37,0.0,0.0018346172291785479,0.0010890348348766565
232,7.766624927520752,0.29471492767333984,0.006566380616277456,0.0,0.0,2.4264043429169938e-37,6.087692876926079e-14,2.4264043429169938e-37,0.0,0.0012842321302741766,0.0018513593822717667
233,7.800000190734863,0.2944844961166382,0.007160570006817579,0.0,0.0,1.6984830400418956e-37,4.261385149373527e-14,1.6984830400418956e-37,0.0,0.0008989624329842627,0.002384986262768507
234,7.833312511444092,0.294323205947876,0.007576503325253725,0.0,0.0,1.1889380719773884e-37,2.982969502917515e-14,1.1889380719773884e-37,0.0,0.00062927370890975,0.002758525311946869
235,7.86662483215332,0.2942103147506714,0.007867655716836452,0.0,0.0,8.322566615945596e-38,2.0880786859235785e-14,8.322566615945596e-38,0.0,0.000440491596236825,0.0030200027395039797
236,7.899937629699707,0.2941312789916992,0.008071462623775005,0.0,0.0,5.825796350902224e-38,1.4616551309684818e-14,5.825796350902224e-38,0.0,0.0003083441115450114,0.0032030364964157343
237,7.93331241607666,0.29407593607902527,0.008214128203690052,0.0,0.0,4.0780571093199255e-38,1.0231585408559604e-14,4.0780571093199255e-38,0.0,0.00021584087517112494,0.003331160405650735
238,7.966625213623047,0.29403722286224365,0.008313992992043495,0.0,0.0,2.8546397523161935e-38,7.162109955398312e-15,2.8546397523161935e-38,0.0,0.00015108860679902136,0.003420847002416849
239,8.0,0.29401010274887085,0.008383899927139282,0.0,0.0,1.9982478266213355e-38,5.013477053482113e-15,1.9982478266213355e-38,0.0,0.00010576203203527257,0.0034836274571716785
240,8.033312797546387,0.2939911186695099,0.008432833477854729,0.0,0.0,1.3987734646219502e-38,3.5094336833275952e-15,1.3987734646219502e-38,0.0,7.403341442113742e-05,0.003527573775500059
241,8.066624641418457,0.29397785663604736,0.008467087522149086,0.0,0.0,9.79141467274319e-39,2.456603493626022e-15,9.79141467274319e-39,0.0,5.1823390094796196e-05,0.0035583365242928267
242,8.100000381469727,0.2137783020734787,0.04834938049316406,0.0,0.0,6.853989009751616e-39,1.719622466714039e-15,6.853989009751616e-39,0.0,0.01392438355833292,0.0024908354971557856
243,8.133312225341797,0.15763863921165466,0.07626698911190033,0.0,0.0,4.797793708124595e-39,1.2037356737602681e-15,4.797793708124595e-39,0.0,0.023635175079107285,0.0017435848712921143
244,8.166625022888184,0.118340864777565,0.09580931812524796,0.0,0.0,3.3584555956872166e-39,8.426149822200995e-16,3.3584555956872166e-39,0.0,0.030432729050517082,0.00122050940990448
245,8.199999809265137,0.0908324271440506,0.10948894172906876,0.0,0.0,2.3509177959422802e-39,5.898304928480256e-16,2.3509177959422802e-39,0.0,0.035191018134355545,0.0008543565054424107
246,8.233312606811523,0.07157652825117111,0.11906467378139496,0.0,0.0,1.6456428775491354e-39,4.12881339699662e-16,1.6456428775491354e-39,0.0,0.038521818816661835,0.0005980496061965823
247,8.26662540435791,0.05809739604592323,0.12576769292354584,0.0,0.0,1.1519500142843948e-39,2.8901693249580747e-16,1.1519500142843948e-39,0.0,0.04085338115692139,0.00041863470687530935
248,8.300000190734863,0.048662006855010986,0.13045980036258698,0.0,0.0,8.06364589609537e-40,2.023118474531093e-16,8.06364589609537e-40,0.0,0.042485471814870834,0.00029304425697773695
249,8.333312034606934,0.042057231068611145,0.1337442845106125,0.0,0.0,5.644556331162152e-40,1.4161828395275366e-16,5.644556331162152e-40,0.0,0.04362793639302254,0.00020513098570518196
250,8.36662483215332,0.037433888763189316,0.13604341447353363,0.0,0.0,3.951185227918114e-40,9.913279876692756e-17,3.951185227918114e-40,0.0,0.04442765936255455,0.00014359169290401042
251,8.399999618530273,0.034197550266981125,0.13765279948711395,0.0,0.0,2.765840869930394e-40,6.939295582812684e-17,2.765840869930394e-40,0.0,0.04498746991157532,0.00010051418212242424
252,8.43331241607666,0.03193211182951927,0.13877937197685242,0.0,0.0,1.936075997265097e-40,4.857506643271083e-17,1.936075997265097e-40,0.0,0.045379333198070526,7.035992166493088e-05
253,8.466625213623047,0.02306138165295124,0.18596920371055603,0.0,0.0,1.3552517967871036e-40,3.4002549480747785e-17,1.3552517967871036e-40,0.0,0.03176553547382355,0.000978785683400929
254,8.499937057495117,0.016851870343089104,0.21900206804275513,0.0,0.0,9.486790603479012e-41,2.3801782982162225e-17,9.486790603479012e-41,0.0,0.022235874086618423,0.001614683773368597
255,8.533312797546387,0.012505211867392063,0.24212509393692017,0.0,0.0,6.640753422435308e-41,1.6661247260332945e-17,6.640753422435308e-41,0.0,0.015565111301839352,0.002059812191873789
256,8.566624641418457,0.009462552145123482,0.2583111822605133,0.0,0.0,4.648527395704716e-41,1.1662872751360816e-17,4.648527395704716e-41,0.0,0.010895577259361744,0.0023714022245258093
257,8.600000381469727,0.007332689594477415,0.2696414589881897,0.0,0.0,3.2539551640086577e-41,8.164011256824816e-18,3.2539551640086577e-41,0.0,0.007626904174685478,0.002589515410363674
258,8.633312225341797,0.005841786041855812,0.2775726318359375,0.0,0.0,2.2778106537599901e-41,5.714807631623188e-18,2.2778106537599901e-41,0.0,0.00533883273601532,0.0027421945706009865
259,8.666625022888184,0.004798153415322304,0.28312447667121887,0.0,0.0,1.5943973927087769e-41,4.000365383495262e-18,1.5943973927087769e-41,0.0,0.0037371828220784664,0.0028490698896348476
260,8.699999809265137,0.004067611414939165,0.2870107591152191,0.0,0.0,1.1161342268347168e-41,2.8002555616515303e-18,1.1161342268347168e-41,0.0,0.0026160278357565403,0.0029238825663924217
261,8.733312606811523,0.003556231502443552,0.28973114490509033,0.0,0.0,7.812238938610855e-42,1.9601789965536478e-18,7.812238938610855e-42,0.0,0.0018312194151803851,0.002976251533254981
262,8.76662540435791,0.003198265563696623,0.2916354537010193,0.0,0.0,5.467866607795436e-42,1.3721252355490075e-18,5.467866607795436e-42,0.0,0.0012818535324186087,0.003012909786775708
263,8.800000190734863,0.00294768949970603,0.2929684519767761,0.0,0.0,3.8283474045354e-42,9.604875925060016e-19,3.8283474045354e-42,0.0,0.0008972975192591548,0.0030385705176740885
264,8.833312034606934,0.0035339940804988146,0.29368433356285095,0.0,0.0,2.6792826637890502e-42,6.723413457734741e-19,2.6792826637890502e-42,0.0,0.0012188907712697983,0.002126999432221055
265,8.86662483215332,0.003944407682865858,0.29418548941612244,0.0,0.0,1.87633864373093e-42,4.706389368715531e-19,1.87633864373093e-42,0.0,0.0014440061058849096,0.0014888995792716742
266,8.899937629699707,0.0042316969484090805,0.294536292552948,0.0,0.0,1.3130166610723536e-42,3.294472454703295e-19,1.3130166610723536e-42,0.0,0.0016015867004171014,0.001042229705490172
267,8.93331241607666,0.00443279929459095,0.2947818338871002,0.0,0.0,9.1925179259708e-43,2.3061306924429122e-19,9.1925179259708e-43,0.0,0.0017118931282311678,0.0007295607938431203
268,8.966625213623047,0.004573571030050516,0.29495373368263245,0.0,0.0,6.43195995125091e-43,1.6142914330112503e-19,6.43195995125091e-43,0.0,0.0017891075694933534,0.000510692538227886
269,9.0,0.004672111012041569,0.2950740456581116,0.0,0.0,4.512181055125911e-43,1.1300040677313606e-19,4.512181055125911e-43,0.0,0.0018431576900184155,0.000357484765117988
270,9.033312797546387,0.004741088952869177,0.2951582670211792,0.0,0.0,3.1529215447308384e-43,7.910028344872553e-20,3.1529215447308384e-43,0.0,0.001880992786027491,0.00025023933267220855
271,9.066624641418457,0.004789373837411404,0.29521724581718445,0.0,0.0,2.200038588989963e-43,5.537019712163817e-20,2.200038588989963e-43,0.0,0.0019074772717431188,0.00017516752996016294
272,9.100000381469727,0.004823172930628061,0.2952585220336914,0.0,0.0,1.5414283107572988e-43,3.875913733891186e-20,1.5414283107572988e-43,0.0,0.0019260166445747018,0.00012261727533768862
273,9.133312225341797,0.004846832249313593,0.2952874004840851,0.0,0.0,1.0789998175301091e-43,2.7131394844768596e-20,1.0789998175301091e-43,0.0,0.0019389941589906812,8.583208546042442e-05
274,9.166625022888184,0.00486339395865798,0.29530760645866394,0.0,0.0,7.567011707354012e-44,1.8991976391338017e-20,7.567011707354012e-44,0.0,0.0019480783957988024,6.008246054989286e-05
275,9.199999809265137,0.004274765029549599,0.2954927384853363,0.0,0.0,5.324934164434305e-44,1.3294383797054039e-20,5.324934164434305e-44,0.0,0.0013636548537760973,0.0006980747566558421
276,9.233312606811523,0.003862725105136633,0.2956223487854004,0.0,0.0,3.6433760072445244e-44,9.30606785014426e-21,3.6433760072445244e-44,0.0,0.0009545583161525428,0.0011446693679317832
277,9.26662540435791,0.0035742970649152994,0.29571306705474854,0.0,0.0,2.6624670822171524e-44,6.514247656659696e-21,2.6624670822171524e-44,0.0,0.0006681908271275461,0.001457285601645708
278,9.300000190734863,0.003372397506609559,0.2957765460014343,0.0,0.0,1.8216880036222622e-44,4.55997327888243e-21,1.8216880036222622e-44,0.0,0.00046773356734775007,0.0016761169536039233
279,9.333312034606934,0.0032310676760971546,0.29582101106643677,0.0,0.0,1.2611686178923354e-44,3.1919811336589878e-21,1.2611686178923354e-44,0.0,0.000327413494233042,0.0018292987952008843
280,9.36662483215332,0.0031321365386247635,0.2958521246910095,0.0,0.0,8.407790785948902e-45,2.2343868945354873e-21,8.407790785948902e-45,0.0,0.00022918944887351245,0.0019365261541679502
281,9.399999618530273,0.003062885021790862,0.2958739101886749,0.0,0.0,7.006492321624085e-45,1.564070805980002e-21,7.006492321624085e-45,0.0,0.00016043259529396892,0.002011585282161832
282,9.43331241607666,0.003014408750459552,0.29588913917541504,0.0,0.0,4.203895392974451e-45,1.094849473309225e-21,4.203895392974451e-45,0.0,0.00011230281961616129,0.0020641267765313387
283,9.466625213623047,0.0029804755467921495,0.2958998382091522,0.0,0.0,2.802596928649634e-45,7.663946515112967e-22,2.802596928649634e-45,0.0,7.861197082092986e-05,0.0021009056363254786
284,9.499937057495117,0.0029567223973572254,0.29590728878974915,0.0,0.0,1.401298464324817e-45,5.364762055708098e-22,1.401298464324817e-45,0.0,5.502838030224666e-05,0.002126650884747505
285,9.533312797546387,0.0029400947969406843,0.2959125339984894,0.0,0.0,1.401298464324817e-45,3.7553335904569622e-22,1.401298464324817e-45,0.0,3.85198654839769e-05,0.0021446726750582457
286,9.566624641418457,0.002908483613282442,0.2959669232368469,0.0,0.0,1.401298464324817e-45,2.6287334375892267e-22,1.401298464324817e-45,0.0,2.6963907657773234e-05,0.002185871358960867
287,9.600000381469727,0.0028863558545708656,0.2960050106048584,0.0,0.0,0.0,1.8401134820431056e-22,0.0,0.0,1.8874734450946562e-05,0.002214710460975766
288,9.633312225341797,0.0028708665631711483,0.296031653881073,0.0,0.0,0.0,1.2880794752954973e-22,0.0,0.0,1.3212314115662593e-05,0.002234898041933775
289,9.666625022888184,0.0028600238729268312,0.2960503399372101,0.0,0.0,0.0,9.016556453286226e-23,0.0,0.0,9.248619790014345e-06,0.0022490289993584156
290,9.699999809265137,0.0028524340596050024,0.2960633933544159,0.0,0.0,0.0,6.311589012429379e-23,0.0,0.0,6.474033853010042e-06,0.0022589208092540503
291,9.733312606811523,0.0028471210971474648,0.2960725426673889,0.0,0.0,0.0,4.418112371809438e-23,0.0,0.0,4.531823833531234e-06,0.0022658449597656727
292,9.76662540435791,0.0028434020932763815,0.29607895016670227,0.0,0.0,0.0,3.0926786918210426e-23,0.0,0.0,3.172276592522394e-06,0.002270692028105259
293,9.800000190734863,0.0028407988138496876,0.2960834205150604,0.0,0.0,0.0,2.1648749265025488e-23,0.0,0.0,2.2205936147656757e-06,0.002274085069075227
294,9.833312034606934,0.0028389766812324524,0.29608654975891113,0.0,0.0,0.0,1.5154123696656936e-23,0.0,0.0,1.5544154621238704e-06,0.00227646017447114
295,9.86662483215332,0.002837701002135873,0.2960887551307678,0.0,0.0,0.0,1.0607886745432037e-23,0.0,0.0,1.0880908121180255e-06,0.0022781225852668285
296,9.899937629699707,0.0028368080966174603,0.2960902750492096,0.0,0.0,0.0,7.425520090713701e-24,0.0,0.0,7.616635571139341e-07,0.0022792862728238106
297,9.93331241607666,0.0029899885412305593,0.2958908975124359,0.0,0.0,0.0,5.197864063499591e-24,0.0,0.0,5.331644956640957e-07,0.002146415878087282
298,9.966625213623047,0.003097214736044407,0.29575133323669434,0.0,0.0,0.0,3.6385049627788495e-24,0.0,0.0,3.7321512991184136e-07,0.00205340632237494
299,10.0,0.0031722732819616795,0.29565364122390747,0.0,0.0,0.0,2.546953395059104e-24,0.0,0.0,2.6125059093828895e-07,0.0019882998894900084
300,10.033312797546387,0.0032248140778392553,0.2955852746963501,0.0,0.0,0.0,1.782867258212237e-24,0.0,0.0,1.8287541081463132e-07,0.0019427252700552344
301,10.066624641418457,0.003261592937633395,0.29553741216659546,0.0,0.0,0.0,1.2480070413055207e-24,0.0,0.0,1.2801278614915645e-07,0.0019108230480924249
302,10.100000381469727,0.003287337953224778,0.2955038845539093,0.0,0.0,0.0,8.73604978217671e-25,0.0,0.0,8.96089460411531e-08,0.0018884915625676513
303,10.133312225341797,0.003305359510704875,0.2954804301261902,0.0,0.0,0.0,6.115234453093245e-25,0.0,0.0,6.272626507097812e-08,0.0018728595459833741
304,10.166625022888184,0.0033179745078086853,0.29546400904655457,0.0,0.0,0.0,4.280663969253852e-25,0.0,0.0,4.390838270751374e-08,0.0018619170878082514
305,10.199999809265137,0.0033268050756305456,0.2954525351524353,0.0,0.0,0.0,2.9964647291738896e-25,0.0,0.0,3.073586896107372e-08,0.0018542574252933264
306,10.233312606811523,0.003332986496388912,0.2954444885253906,0.0,0.0,0.0,2.0975251871622063e-25,0.0,0.0,2.1515106141123397e-08,0.0018488956848159432
307,10.26662540435791,0.0033373136539012194,0.29543885588645935,0.0,0.0,0.0,1.468267606361641e-25,0.0,0.0,1.5060575009329114e-08,0.001845142338424921
308,10.300000190734863,0.007844050414860249,0.20817948877811432,0.0,0.0,0.0,1.0277873367791004e-25,0.0,0.0,0.000890836410690099,0.001291599590331316
309,10.333312034606934,0.01099876593798399,0.14709791541099548,0.0,0.0,0.0,7.194510679526362e-26,0.0,0.0,0.001514411298558116,0.0009041197481565177
310,10.36662483215332,0.013207066804170609,0.1043408215045929,0.0,0.0,0.0,5.0361573524089373e-26,0.0,0.0,0.0019509136909618974,0.0006328838062472641
311,10.399999618530273,0.014752877876162529,0.07441086322069168,0.0,0.0,0.0,3.5253103007606517e-26,0.0,0.0,0.0022564653772860765,0.0004430186527315527
312,10.43331241607666,0.015834946185350418,0.05345988646149635,0.0,0.0,0.0,2.4677169948283024e-26,0.0,0.0,0.0024703515227884054,0.00031011307146400213
313,10.466625213623047,0.016592392697930336,0.03879420459270477,0.0,0.0,0.0,1.727401850157493e-26,0.0,0.0,0.0026200718712061644,0.00021707914129365236
314,10.499937057495117,0.017122605815529823,0.028528224676847458,0.0,0.0,0.0,1.2091812488879264e-26,0.0,0.0,0.0027248761616647243,0.00015195540618151426
315,10.533312797546387,0.017493754625320435,0.021342040970921516,0.0,0.0,0.0,8.464267971843507e-27,0.0,0.0,0.002798239002004266,0.00010636878141667694
316,10.566624641418457,0.017753558233380318,0.016311712563037872,0.0,0.0,0.0,5.924987888439246e-27,0.0,0.0,0.0028495932929217815,7.445814117090777e-05
317,10.600000381469727,0.01793542131781578,0.012790480628609657,0.0,0.0,0.0,4.147491290795879e-27,0.0,0.0,0.002885540947318077,5.212069663684815e-05
318,10.633312225341797,0.01806272566318512,0.010325619950890541,0.0,0.0,0.0,2.9032438650385164e-27,0.0,0.0,0.0029107045847922564,3.648448910098523e-05
319,10.666625022888184,0.101006418466568,0.008926167152822018,0.0,0.0,0.0,2.032270551452566e-27,0.0,0.0,0.002806483069434762,2.5539140551700257e-05
320,10.699999809265137,0.15906700491905212,0.007946549914777279,0.0,0.0,0.0,1.4225894052760956e-27,0.0,0.0,0.0027335279155522585,1.7877398931887e-05
321,10.733312606811523,0.19970940053462982,0.007260817568749189,0.0,0.0,0.0,9.958126703601144e-28,0.0,0.0,0.0026824595406651497,1.251417870662408e-05
322,10.76662540435791,0.2281590849161148,0.006780805066227913,0.0,0.0,0.0,6.970688211038315e-28,0.0,0.0,0.002646711189299822,8.759925549384207e-06
323,10.800000190734863,0.24807387590408325,0.0064447964541614056,0.0,0.0,0.0,4.879481699578572e-28,0.0,0.0,0.0026216874830424786,6.131947429821594e-06
324,10.833312034606934,0.2620142102241516,0.0062095909379422665,0.0,0.0,0.0,3.415636997112006e-28,0.0,0.0,0.0026041711680591106,4.292363428248791e-06
325,10.86662483215332,0.27177244424819946,0.006044946610927582,0.0,0.0,0.0,2.390945970200777e-28,0.0,0.0,0.0025919093750417233,3.0046542178752134e-06
326,10.899937629699707,0.278603196144104,0.005929695442318916,0.0,0.0,0.0,1.6736621309922953e-28,0.0,0.0,0.002583326306194067,2.1032578843005467e-06
327,10.93331241607666,0.283384770154953,0.0058490196242928505,0.0,0.0,0.0,1.1715635278057932e-28,0.0,0.0,0.0025773183442652225,1.4722805872224853e-06
328,10.966625213623047,0.2867318391799927,0.005792547017335892,0.0,0.0,0.0,8.200944935381795e-29,0.0,0.0,0.002573112491518259,1.0305964224244235e-06
329,11.0,0.2890748083591461,0.005753015633672476,0.0,0.0,0.0,5.740661514952567e-29,0.0,0.0,0.0025701685808598995,7.214174502223614e-07
330,11.033312797546387,0.2908817529678345,0.005095331929624081,0.0,0.0,0.0,4.0184627595402434e-29,0.0,0.0,0.002646251115947962,5.04992215155653e-07
331,11.066624641418457,0.29214662313461304,0.00463495310395956,0.0,0.0,0.0,2.812923901585515e-29,0.0,0.0,0.002699508797377348,3.534945278715895e-07
332,11.100000381469727,0.2930320203304291,0.004312688484787941,0.0,0.0,0.0,1.969046701017205e-29,0.0,0.0,0.0027367891743779182,2.474461666679417e-07
333,11.133312225341797,0.2936517894268036,0.004087102599442005,0.0,0.0,0.0,1.3783326907120436e-29,0.0,0.0,0.002762885531410575,1.7321231382538826e-07
334,11.166625022888184,0.29408562183380127,0.003929193131625652,0.0,0.0,0.0,9.648328233131197e-30,0.0,0.0,0.00278115295805037,1.2124861825668631e-07
335,11.199999809265137,0.2943893373012543,0.0038186560850590467,0.0,0.0,0.0,6.753829311802007e-30,0.0,0.0,0.0027939402498304844,8.487403135859495e-08
336,11.233312606811523,0.2946019470691681,0.003741280175745487,0.0,0.0,0.0,4.72768029256649e-30,0.0,0.0,0.0028028911910951138,5.941181768776005e-08
337,11.26662540435791,0.29475075006484985,0.003687117248773575,0.0,0.0,0.0,3.309376204796543e-30,0.0,0.0,0.002809156896546483,4.1588272381432034e-08
338,11.300000190734863,0.29485493898391724,0.0036492031067609787,0.0,0.0,0.0,2.3165634562050377e-30,0.0,0.0,0.0028135429602116346,2.9111790311731056e-08
339,11.333312034606934,0.29492783546447754,0.0036226632073521614,0.0,0.0,0.0,1.6215942688802495e-30,0.0,0.0,0.002816613297909498,2.037825375111879e-08
340,11.36662483215332,0.29497888684272766,0.003604085184633732,0.0,0.0,0.0,1.1351160258319939e-30,0.0,0.0,0.0028187623247504234,1.4264777803418838e-08
341,11.399999618530273,0.2951023578643799,0.003527082735672593,0.0,0.0,0.0,7.945812368903053e-31,0.0,0.0,0.0028536824975162745,9.985344107121819e-09
342,11.43331241607666,0.2951887845993042,0.0034731808118522167,0.0,0.0,0.0,5.562068752271685e-31,0.0,0.0,0.0028781266883015633,6.989740786167431e-09
343,11.466625213623047,0.29524925351142883,0.003435449441894889,0.0,0.0,0.0,3.8934479385110836e-31,0.0,0.0,0.002895237412303686,4.892818594726123e-09
344,11.499937057495117,0.29529160261154175,0.003409037599340081,0.0,0.0,0.0,2.7254135099379845e-31,0.0,0.0,0.002907215151935816,3.424972971899365e-09
345,11.533312797546387,0.2953212559223175,0.0033905492164194584,0.0,0.0,0.0,1.9077894804664761e-31,0.0,0.0,0.0029155996162444353,2.397480880489411e-09
346,11.566624641418457,0.29534202814102173,0.003377607325091958,0.0,0.0,0.0,1.3354526833463073e-31,0.0,0.0,0.0029214685782790184,1.6782366607515087e-09
347,11.600000381469727,0.29535654187202454,0.0033685481175780296,0.0,0.0,0.0,9.348168783424151e-32,0.0,0.0,0.002925576874986291,1.174765618117135e-09
348,11.633312225341797,0.29536670446395874,0.003362206742167473,0.0,0.0,0.0,6.543718442270494e-32,0.0,0.0,0.00292845256626606,8.223359770909155e-10
349,11.666625022888184,0.2953738272190094,0.003357767593115568,0.0,0.0,0.0,4.580602615715758e-32,0.0,0.0,0.002930465852841735,5.756351506569501e-10
350,11.699999809265137,0.29537880420684814,0.0033546602353453636,0.0,0.0,0.0,3.2064218016136717e-32,0.0,0.0,0.002931874943897128,4.0294459435763486e-10
351,11.733312606811523,0.2953822910785675,0.003352485131472349,0.0,0.0,0.0,2.2444950848054176e-32,0.0,0.0,0.002932861214503646,2.820612077236717e-10
352,11.76662540435791,0.2953469753265381,0.0033279533963650465,0.0,0.0,0.0,1.5711465005890748e-32,0.0,0.0,0.002975377021357417,1.9744285373324288e-10
353,11.800000190734863,0.2953222692012787,0.003310781205072999,0.0,0.0,0.0,1.0998025797997111e-32,0.0,0.0,0.0030051381327211857,1.382099990010488e-10
354,11.833312034606934,0.29530495405197144,0.003298760624602437,0.0,0.0,0.0,7.698618132066375e-33,0.0,0.0,0.0030259708873927593,9.674699930073416e-11
355,11.86662483215332,0.2952928841114044,0.003290346125140786,0.0,0.0,0.0,5.389032178167684e-33,0.0,0.0,0.003040553769096732,6.772289673495635e-11
356,11.899937629699707,0.2952843904495239,0.0032844562083482742,0.0,0.0,0.0,3.772322634919974e-33,0.0,0.0,0.0030507617630064487,4.7406027020580055e-11
357,11.93331241607666,0.2952784597873688,0.003280333010479808,0.0,0.0,0.0,2.6406257342413864e-33,0.0,0.0,0.003057907335460186,3.3184219261350734e-11
358,11.966625213623047,0.2952743172645569,0.0032774468418210745,0.0,0.0,0.0,1.848438050703169e-33,0.0,0.0,0.003062909236177802,2.3228953482945514e-11
359,12.0,0.2952714264392853,0.00327542657032609,0.0,0.0,0.0,1.2939065803909206e-33,0.0,0.0,0.0030664107762277126,1.626026743806186e-11
360,12.033312797546387,0.2952693700790405,0.0032740123569965363,0.0,0.0,0.0,9.057346521913925e-34,0.0,0.0,0.0030688615515828133,1.1382185992336868e-11
361,12.066624641418457,0.2952679395675659,0.00327302236109972,0.0,0.0,0.0,6.340142197997763e-34,0.0,0.0,0.0030705772805958986,7.967530281371982e-12
362,12.100000381469727,0.2952669560909271,0.003272329457104206,0.0,0.0,0.0,4.438099584516182e-34,0.0,0.0,0.0030717782210558653,5.577271283696561e-12
363,12.133312225341797,0.295117050409317,0.003231006907299161,0.0,0.0,0.0,3.1066697091613274e-34,0.0,0.0,0.0030307937413454056,3.904089725115245e-12
364,12.166625022888184,0.29501211643218994,0.003202080959454179,0.0,0.0,0.0,2.1746689112072994e-34,0.0,0.0,0.0030021045822650194,2.7328627642125847e-12
365,12.199999809265137,0.2949386537075043,0.0031818330753594637,0.0,0.0,0.0,1.5222681689684875e-34,0.0,0.0,0.0029820220079272985,1.9130040433690265e-12
366,12.233312606811523,0.2948872447013855,0.0031676592770963907,0.0,0.0,0.0,1.0655876953190672e-34,0.0,0.0,0.002967964392155409,1.339102656885971e-12
367,12.26662540435791,0.29485124349594116,0.003157737897709012,0.0,0.0,0.0,7.4591137524391e-35,0.0,0.0,0.0029581240378320217,9.3737192487231e-13
368,12.300000190734863,0.29482606053352356,0.0031507927924394608,0.0,0.0,0.0,5.221379454515815e-35,0.0,0.0,0.002951235743239522,6.561602932005084e-13
369,12.333312034606934,0.29480841755867004,0.003145931288599968,0.0,0.0,0.0,3.6549657903526256e-35,0.0,0.0,0.002946414053440094,4.593122215033885e-13
370,12.36662483215332,0.29479607939720154,0.003142528235912323,0.0,0.0,0.0,2.5584760819454305e-35,0.0,0.0,0.002943038707599044,3.215185279473176e-13
371,12.399999618530273,0.2947874367237091,0.0031401461455971003,0.0,0.0,0.0,1.790933085170246e-35,0.0,0.0,0.0029406759422272444,2.2506298311564948e-13
372,12.43331241607666,0.2947813868522644,0.0031384786125272512,0.0,0.0,0.0,1.253653102221987e-35,0.0,0.0,0.0029390219133347273,1.5754408953620735e-13
373,12.466625213623047,0.29477715492248535,0.0031373111996799707,0.0,0.0,0.0,8.775571859046873e-36,0.0,0.0,0.0029378642793744802,1.1028085725433429e-13
374,12.499937057495117,0.2822945713996887,0.002815057523548603,0.0,0.0,0.0,6.142900014346885e-36,0.0,0.0,0.01019374094903469,7.719660414379215e-14
375,12.533312797546387,0.27355676889419556,0.0025894800201058388,0.0,0.0,0.0,4.3000299382963384e-36,0.0,0.0,0.015272854827344418,5.4037618834896356e-14
376,12.566624641418457,0.2674402892589569,0.0024315756745636463,0.0,0.0,0.0,3.010021028553918e-36,0.0,0.0,0.01882823370397091,3.782632979629566e-14
377,12.600000381469727,0.26315876841545105,0.002321042586117983,0.0,0.0,0.0,2.107014791734224e-36,0.0,0.0,0.021316999569535255,2.647843119622014e-14
378,12.633312225341797,0.26016169786453247,0.002243669703602791,0.0,0.0,0.0,1.4749102645308552e-36,0.0,0.0,0.023059135302901268,1.8534902006760688e-14
379,12.666625022888184,0.25806373357772827,0.002189508406445384,0.0,0.0,0.0,1.0324371582666681e-36,0.0,0.0,0.024278631433844566,1.2974431404732482e-14
